create table book
(bookID int,
title nvarchar(50),
publisher nvarchar(40))

go

insert into book
values ('1','The Lost Tribe','Bookington'),
('2','Misery','Viking'),
('3','The Fellowship of the Ring','George Allen & Unwin'),
('4','The Two Towers','George Allen & Unwin'),
('5','The Return of the King','George Allen & Unwin'),
('6','A Short History of Nearly Everything','Broadway Books'),
('7','The Alchemist','HarperTorch'),
('8','Ender''s Game','Tor Books'),
('9','Brave New World','Chatto & Windus'),
('10','The Art of War','Viking'),
('11','King Lear','Dover Publications'),
('12','Othello','Dover Publications'),
('13','The Prince','Antonio Blado d''Asola'),
('14','The Sun Also Rises','Scribner'),
('15','Ulysses','Sylvia Beach'),
('16','Fahrenheit 451','Ballantine Books'),
('17','Cat''s Cradle','Holt'),
('18','Catch-22','Simon & Schuster'),
('19','Heart of Darkness','Blackwood''s Magazine'),
('20','1984','Secker & Warburg')

go

create table book_authors
(bookID int,
authorName nvarchar(40))

go



insert into book_authors
values ('1','Joseph VonBook'),
('2','Stephen King'),
('3','J.R.R. Tolkien'),
('4','J.R.R. Tolkien'),
('5','J.R.R. Tolkien'),
('6','Bill Bryson'),
('7','Paulo Coelho'),
('8','Orson Scott Card'),
('9','Aldous Huxley'),
('10','Sun Tzu'),
('11','William Shakespeare'),
('12','William Shakespeare'),
('13','Niccolo Machiavelli'),
('14','Ernest Hemmingway'),
('15','James Joyce'),
('16','Ray Bradbury'),
('17','Kurt Vonnegut'),
('18','Joseph Heller'),
('19','Joseph Conrad'),
('20','George Orwell')

go

create table book_copies
(bookID int,
branchID int,
no_of_copies int)

go


insert into book_copies
values ('1','01','4'),
('2','01','5'),
('3','01','3'),
('4','01','5'),
('5','01','7'),
('6','01','2'),
('7','01','8'),
('8','01','9'),
('9','01','6'),
('10','01','4'),
('11','01','5'),
('12','01','2'),
('13','01','6'),
('14','01','7'),
('15','01','8'),
('16','01','6'),
('17','01','9'),
('18','01','2'),
('19','01','3'),
('20','01','3'),
('1','02','6'),
('2','02','2'),
('3','02','7'),
('4','02','4'),
('5','02','7'),
('6','02','3'),
('7','02','5'),
('8','02','8'),
('9','02','6'),
('10','02','2'),
('11','02','2'),
('12','02','4'),
('13','02','7'),
('14','02','9'),
('15','02','8'),
('16','02','9'),
('17','02','5'),
('18','02','6'),
('19','02','4'),
('20','02','3'),
('1','03','3'),
('2','03','7'),
('3','03','9'),
('4','03','5'),
('5','03','8'),
('6','03','3'),
('7','03','2'),
('8','03','4'),
('9','03','5'),
('10','03','3'),
('11','03','9'),
('12','03','6'),
('13','03','8'),
('14','03','5'),
('15','03','4'),
('16','03','4'),
('17','03','6'),
('18','03','7'),
('19','03','2'),
('20','03','2'),
('1','04','4'),
('2','04','5'),
('3','04','2'),
('4','04','3'),
('5','04','8'),
('6','04','4'),
('7','04','6'),
('8','04','9'),
('9','04','7'),
('10','04','2'),
('11','04','5'),
('12','04','4'),
('13','04','6'),
('14','04','7'),
('15','04','3'),
('16','04','5'),
('17','04','5'),
('18','04','6'),
('19','04','9'),
('20','04','3')

go

create table publisher
(publisherName nvarchar(30),
[address] nvarchar(30),
phone int)

go


insert into publisher
values ('Bookington','111 1st St.','1111111'),
('Viking','222 2nd Ave','2222222'),
('George Allen & Unwin','333 3rd Way','3333333'),
('Broadway Books','444 4th Ct.','4444444'),
('HarperTorch','555 5th Rd.','5555555'),
('Tor Books','666 6th Ln.','6666666'),
('Chatto & Windus','777 7th Dr.','7777777'),
('Dover Publications','888 8th Cir.','8888888'),
('Antonio Blado d''Asola',Null,Null),
('Scribner','999 9th Exp.','9999999'),
('Sylvia Beach',Null,Null),
('Ballantine Books','123 10th St.','1234567'),
('Holt','456 11th Ave','4567890'),
('Simon & Schuster','789 12th Way','8675309'),
('Blackwood''s Magazine',Null,Null),
('Secker & Warburg','983 Mt. Carmel Dr.','8398484')

go

create table library_branch
(branchID int,
branchName nvarchar(20),
[address] nvarchar(30))

go

insert into library_branch
values ('01','Sharpstown','123 Pointy Path'),
('02','Central','123 Middle Way'),
('03','Winterfell','123 Westeros Ln.'),
('04','Solitude','123 Tamriel Dr.')

go

create table borrower
(cardNo int,
name nvarchar(30),
[address] nvarchar(30),
phone int)

go


insert into borrower
values ('001','Jon Snow','123 Wall Ct.','1112222'),
('002','Arya Stark','123 Black-White Manor','2223333'),
('003','Khal Drogo','123 Desert Way','3334444'),
('004','Lydia','123 Whiterun Dr.','4445555'),
('005','Belethor','123 General Ln.','5556666'),
('006','Ash Ketchum','123 Pallet Pl.','6667777'),
('007','James Bond','123 Aston Dr.','7778888'),
('008','King Koopa','123 Palace Rd.','8889999'),
('009','Edward Elric','123 Central Ave','7654321'),
('010','John-117','123 Chief St.','9876543')

go

create table book_loans
(bookID int,
branchID int,
cardNo int,
dateOut date,
dueDate date)

go

insert into book_loans
values ('11','03','001','2015-12-04','2016-02-04'),
('4','03','001','2015-12-04','2016-02-04'),
('17','03','001','2015-12-04','2016-02-04'),
('19','03','001','2015-12-04','2016-02-04'),
('2','03','001','2015-12-04','2016-02-04'),
('3','03','001','2015-12-04','2016-02-04'),
('6','03','002','2016-01-03','2016-03-03'),
('15','03','002','2016-01-03','2016-03-03'),
('10','03','002','2016-01-03','2016-03-03'),
('18','03','002','2016-01-03','2016-03-03'),
('20','03','002','2016-01-03','2016-03-03'),
('4','03','002','2016-01-03','2016-03-03'),
('5','03','002','2016-01-03','2016-03-03'),
('7','03','003','2015-11-19','2016-01-19'),
('1','03','003','2015-11-19','2016-01-19'),
('9','03','003','2015-11-19','2016-01-19'),
('12','03','003','2015-11-19','2016-01-19'),
('8','03','003','2015-11-19','2016-01-19'),
('18','04','004','2016-01-10','2016-03-10'),
('14','04','004','2016-01-10','2016-03-10'),
('16','04','004','2016-01-10','2016-03-10'),
('13','04','004','2016-01-10','2016-03-10'),
('1','04','004','2016-01-10','2016-03-10'),
('12','04','005','2015-12-29','2016-02-29'),
('7','04','005','2015-12-29','2016-02-29'),
('20','04','005','2015-12-29','2016-02-29'),
('10','04','005','2015-12-29','2016-02-29'),
('5','04','005','2015-12-29','2016-02-29'),
('7','04','005','2015-12-29','2016-02-29'),
('3','04','005','2015-12-29','2016-02-29'),
('4','01','006','2015-11-12','2016-01-12'),
('13','01','006','2015-11-12','2016-01-12'),
('5','01','006','2015-11-12','2016-01-12'),
('1','01','006','2015-11-12','2016-01-12'),
('16','01','007','2016-01-05','2016-03-05'),
('4','01','007','2016-01-05','2016-03-05'),
('6','01','007','2016-01-05','2016-03-05'),
('8','02','009','2015-11-24','2016-01-24'),
('19','02','009','2015-11-24','2016-01-24'),
('15','02','009','2015-11-24','2016-01-24'),
('9','02','009','2015-11-24','2016-01-24'),
('3','02','009','2015-11-24','2016-01-24'),
('2','02','009','2015-11-24','2016-01-24'),
('8','02','009','2015-11-24','2016-01-24'),
('14','02','009','2015-11-24','2016-01-24'),
('18','02','009','2015-11-24','2016-01-24'),
('11','01','010','2016-01-11','2016-03-11'),
('2','01','010','2016-01-11','2016-03-11'),
('6','01','010','2016-01-11','2016-03-11'),
('17','01','010','2016-01-11','2016-03-11')

